email,password
pbeacom0@geocities.jp,d2ubKfnZrcPk
fbinfield1@cam.ac.uk,ZtAX2JbM1w
prasmus2@mozilla.com,jVm1heeir
ssindell3@google.fr,LAeL81QBCY
lolenov4@posterous.com,d4f2j7c
dpunt5@salon.com,lce1FNLm1
geede6@washingtonpost.com,HsIzFtAg
dplacidi7@wikispaces.com,V1oT5Kfs2Z
dblanckley8@free.fr,68plEGpP8R
egrunnill9@google.com,Jqatgs5
ldivvera@github.com,E6wL9RG48W
cmaccleayb@apache.org,xarMET87l
jloeberc@mozilla.com,uShby5SpjUR3
fbrandrethd@alexa.com,s2nxbUQ
wtildesleye@creativecommons.org,HMuzKb4mz2
nbossonf@tuttocitta.it,t6paEE5yl
jbrownleag@eventbrite.com,5e6rcP
ljosskowitzh@nba.com,lruRmVypkkHK
joruddeni@toplist.cz,VRgi7yJmrP
rbrimmellj@wufoo.com,uMbnYCE
bfellgettk@istockphoto.com,YjbZynZLrB
npopplestonel@aol.com,YElwcKfY01Nb
obraimem@webnode.com,9Kghvy7IcnAe
klindenboimn@netlog.com,TrsoQdb2g
agobato@ucsd.edu,jUcxlZw
dshreevep@exblog.jp,lgqyD1nf1Ei
lgallienneq@nature.com,17AqOpQ8f6vv
hgilluleyr@nba.com,QtTDRjQ
hohms@yale.edu,jFVBQ3ydNqS
aleschellet@amazon.co.jp,Hhjm0ysVxsg
bberringtonu@washington.edu,qYj11v
erokev@npr.org,N7zTlr
lbemrosew@hao123.com,3oufnxCz3xy
ehairex@wired.com,0fcxAPEzD
nlucianiy@sakura.ne.jp,x8TDIqz5L6VS
gbatsonz@constantcontact.com,aChxjS7r0Mh
tdrewry10@jiathis.com,WGovp7Dhz
blilbourne11@mayoclinic.com,ZuNcGbtG
mbigham12@deviantart.com,L15O17fyDv1c
jackery13@arizona.edu,v18imXLs
jwindrass14@mit.edu,tfIyMar
swarn15@phpbb.com,JujVXhfyA8p
bdenacamp16@netlog.com,fes40dPptD
temlin17@amazonaws.com,rmhkChV
tissatt18@is.gd,U8jecy0XRZ
thalms19@typepad.com,Fr297cR7E
ychupin1a@merriam-webster.com,TRWg2jU8T24w
dcrottagh1b@ebay.co.uk,2h2O3bo30
mpiola1c@ebay.com,AnIJWEIOyxcY
atessyman1d@noaa.gov,bd0HMXCasgG
wcessford1e@wired.com,oWc4hAHD
swhistlecroft1f@addthis.com,UAqE26
ecavaney1g@springer.com,AQ9Sc8dm
jsmidmoor1h@npr.org,IvEhDH
rlowde1i@tinypic.com,voV6udXLJetS
aglinde1j@indiatimes.com,jehdF3
kvaneschi1k@cafepress.com,4VetLeQ1rI
cchurch1l@privacy.gov.au,S5TnVv23
mdakhno1m@europa.eu,OQx9s99s
kotter1n@nba.com,dgTNk3ISk
rbasire1o@storify.com,MuAV4xYU842
kmcglaughn1p@lycos.com,uKozDexUosMD
aclyde1q@hhs.gov,x0xcndcC
tfuente1r@clickbank.net,8HwurND
efuke1s@simplemachines.org,QojxSV3rLJF
esherrum1t@biblegateway.com,u8paSqo
rtippin1u@state.tx.us,vP7qUS
agreaser1v@liveinternet.ru,DrjJAmIveCj
oescalera1w@dedecms.com,10Zn2dcKe
sgenever1x@geocities.jp,pM20Em2
jbarnewall1y@wunderground.com,j1Da6ghgXp
bneeves1z@shop-pro.jp,ZwfYA5yoD
lradin20@accuweather.com,4dzQzwO
heasterfield21@last.fm,JPKKT5Qi7H2
skiehne22@whitehouse.gov,RxBj11gGzy9t
tlangton23@wikimedia.org,IWKtXGmU
bmcpeake24@howstuffworks.com,yw1Rz8Am
esnasdell25@wufoo.com,kgqxuuqb7l
rhartas26@nhs.uk,GwXnkReT
lmarcone27@washington.edu,mONVYFgijVF
amacrinn28@thetimes.co.uk,AGS5ez1
tbuttler29@wordpress.org,uignAfH
lhodinton2a@hubpages.com,Jpj93XU9E
cstrachan2b@ted.com,fWva5QGmw
msimonian2c@businessweek.com,6vaOYHHT
adenness2d@google.co.jp,9vfANq
jquestier2e@ihg.com,6MNVfI5s
mcella2f@whitehouse.gov,4vmyWnZtI
isalla2g@privacy.gov.au,8loXvjna
gellicott2h@yale.edu,r3GHf1eJbKpa
lburney2i@timesonline.co.uk,knOSLg5
smacloughlin2j@discovery.com,zec17zbZQ
djodkowski2k@accuweather.com,lki7phQyL8
zbullock2l@mapy.cz,hHw5kXDFCEF
tgayle2m@pen.io,MAqdwWw5
mgebuhr2n@apple.com,fQt7qr
hpesik2o@archive.org,58XOWSCY
dszymonwicz2p@symantec.com,dzYJehQSWf
dacory2q@cornell.edu,IGewSU7
spleat2r@umich.edu,ZNG6FZua
neisold2s@census.gov,7VhEMdkXq2pg
anapier2t@clickbank.net,sWFcKhY
gfilipponi2u@people.com.cn,h8D9DM
rscrigmour2v@fastcompany.com,ksHo5koCxcg
cdendle2w@163.com,AAgEdtlgs
ccapper2x@multiply.com,cd17yhQXT
jdannel2y@bbb.org,OTKrW2YL49
econradie2z@loc.gov,ByvzGLn
cattwoul30@rediff.com,95k5r489v
sketcher31@gnu.org,O1tzlpi
ggallimore32@merriam-webster.com,mS8qMRl
erawnsley33@nytimes.com,038iGTSD0Fi
cmaletratt34@opensource.org,ljaXLd6D
kdevaan35@ca.gov,ZMd1eh4o6CGU
cbilyard36@chron.com,8CFSalDQ
vburnard37@flickr.com,shq7TJILv
babreheart38@xing.com,8RzDbW1OcB
rclench39@cargocollective.com,BENTqXd
shartington3a@imdb.com,HHKHcge7E
thaglington3b@biblegateway.com,E6YcpKw
kduckels3c@google.com.au,WiUdJd4Y
dbulch3d@google.it,pK4Qt3
fnibley3e@disqus.com,0iBKXqZn
gfrankes3f@slate.com,yVCzIvC
phryncewicz3g@cam.ac.uk,NvLFQpltO
cparchment3h@opera.com,5iAvC6NE
clease3i@unblog.fr,FZzz3SIv
rsellman3j@cargocollective.com,Y7whwlyO5HiM
mfarrall3k@purevolume.com,M5H9sHrISf1H
mjude3l@berkeley.edu,s8NZuWutV
ctureville3m@vk.com,jLGAGp
abrunner3n@ebay.co.uk,ug9xVysYlvvb
sshewring3o@wikia.com,QvSvmhI
sworsall3p@uiuc.edu,RCkjKN6
zhaggidon3q@miibeian.gov.cn,6yQBqf5PV8Sm
lbrangan3r@intel.com,GW8gAi
lbenjefield3s@freewebs.com,ZHdRSszagyV
jwethered3t@paginegialle.it,fR6yWNGSDjdp
hwoodworth3u@odnoklassniki.ru,g3v7NAn9FCE
rmacfaul3v@plala.or.jp,sRhG07ChT2V
dweekes3w@sohu.com,j0a960rSeYC
lbeckley3x@addthis.com,ZhuoFIhWR
mcoldman3y@addthis.com,zVBqtDxbHB1
thothersall3z@miitbeian.gov.cn,BSCE4L
lfinnigan40@walmart.com,8QsIUG65S3ew
kbaignard41@gnu.org,G9T1sc
hvice42@shop-pro.jp,wp5dMHiy
jtallis43@purevolume.com,7XNH4tr
tsever44@google.de,E6H3lcE
fpendrey45@umich.edu,kb88JQ5S
nlyddiard46@netvibes.com,pyreuD
nclixby47@narod.ru,Im6u8KoUHn
kgailor48@tiny.cc,1GP5OA5IlR
cheadon49@army.mil,2PHXqlHb
adare4a@cisco.com,k0qz5fax
kbukac4b@wix.com,3haIBtHiNLER
fjonk4c@ovh.net,t64FNmmqrG
mwyrall4d@state.tx.us,6Qbshfh7k
ycorgenvin4e@sciencedirect.com,LMMsTiv
asaintepaul4f@github.com,O5PHjRJ
bivanichev4g@artisteer.com,5eny3xKbwh
hhorbath4h@psu.edu,gUMOHvIA415
rwither4i@bravesites.com,pdHzQSln7fzJ
blithcow4j@tripadvisor.com,bpOuQVu37
bnewhouse4k@un.org,zZcQS6E
kkeyse4l@hud.gov,ke1aLabbH9l
iwill4m@topsy.com,jmpzkCqqd
bmcgifford4n@oakley.com,mgKkpKd
djohannesson4o@quantcast.com,viVD8lw879l8
smcgiven4p@tripod.com,0h9Sr4
eraimbauld4q@gmpg.org,TuIJ3FDs
qgillespey4r@ask.com,Btlb15N
cgounin4s@dedecms.com,n6JahcDT6B
ebelt4t@arstechnica.com,qbYCPySXyoT
rphettis4u@amazon.co.uk,fVsg3ZjPGIJ
djollands4v@accuweather.com,BiO9cS48ZcHp
wkiddell4w@omniture.com,velRMpL1J5
gmateja4x@blogs.com,d1uRmc
aruzek4y@feedburner.com,dRN1NXr
frosenkranc4z@qq.com,WuqV9HOt
rmacbane50@kickstarter.com,t5PKuxDv
glorence51@japanpost.jp,l4VL8LUnfi8
kcalloway52@theguardian.com,07f3oK
ppollie53@tinyurl.com,IfwbOwFG3
cblankett54@furl.net,oSyCkQxyQxU3
sgaywood55@reverbnation.com,CC2tKmyUB
cstaddom56@deviantart.com,plEyXYirr
sfedder57@themeforest.net,2DXtxkNVpI
eturn58@printfriendly.com,4gCBkA2K4
bvasenkov59@mail.ru,4tz7gmH6
cmather5a@trellian.com,MwYyipgim2h
fmeynell5b@parallels.com,sX0SwVNCM0JJ
lthorn5c@mozilla.org,4cG8JrxQR
gcaddies5d@cbsnews.com,WM5S0KSvsT
jmillott5e@theguardian.com,lxOSLpF6
eneylon5f@skype.com,6drhsl
bstearndale5g@wunderground.com,dmKC7wL
athynn5h@mozilla.org,cD67uJ2R
ewilcocke5i@istockphoto.com,Sv6sMIrAg
dpehrsson5j@cdc.gov,IanUKer
lstoffel5k@themeforest.net,L69Eq2pgb
brayson5l@ucoz.com,6sGWHfcH
ebiddlecombe5m@gmpg.org,D5wJ5pXSQWa
frevington5n@intel.com,RNG9Ud
cswetenham5o@opera.com,v5o2dhHnv7m
pcanto5p@fda.gov,t4hJJ0xZeCb
jpeople5q@unicef.org,MnxVJz
cjacomb5r@cocolog-nifty.com,KM8wvib
aperford5s@list-manage.com,h4r3k6
mnoblett5t@tuttocitta.it,hMQrts
abednall5u@slate.com,hoSjyzTL
mvanoort5v@statcounter.com,eLt6zsIKhqA0
lbelch5w@paypal.com,jPpy9z
amorrell5x@yahoo.co.jp,OfnlO6J4TI5
bskellington5y@sina.com.cn,tiPK6deLhOlb
kkapiloff5z@nationalgeographic.com,zKpNeOw
mmattusov60@freewebs.com,Egx3mg8Ih
cbrane61@bizjournals.com,TaWMjloongQ
shumphrys62@elpais.com,3gxo3TRhu6
tmargaritelli63@japanpost.jp,OJISZED
lfewell64@jimdo.com,lkDVa3wqE7
vgurton65@com.com,zyL0bY5KLY
gsevers66@biblegateway.com,DzKUQP4sU4
nvassar67@yolasite.com,nJFWZmpIK
nwooffinden68@simplemachines.org,uLavPsPKEsng
gbasek69@skype.com,zF8yU4kpvN7
trollo6a@odnoklassniki.ru,RdBq077gla
zmulchrone6b@google.co.uk,wodkdaBM
ehammerich6c@usgs.gov,qUh2bCULWGCV
gdesaur6d@bluehost.com,HoP3Q4a4BhV
gcarluccio6e@gnu.org,9COkYe31g
epudding6f@domainmarket.com,lj09B8kK
riacomo6g@blog.com,6Ntejc
cogrowgane6h@pinterest.com,lWU5bQna
alovel6i@nationalgeographic.com,22rLzT2PP7A
fagett6j@comsenz.com,NC6OSOcEIo5K
smurrie6k@twitpic.com,ACEYVyA
mskillicorn6l@feedburner.com,VRPssQ6
aaslin6m@smugmug.com,WSTvF1wn5
aweblin6n@theatlantic.com,eUwEI7hS8
jkordt6o@tripod.com,1Tac3OGgqF1
tcoaker6p@unblog.fr,lEuroRz
cbarnsdall6q@is.gd,OLxFa20f
bsomerscales6r@ifeng.com,ArgZO5DtpqC
idumbarton6s@github.com,wbejppo1u4uS
lduckerin6t@github.io,tHj1B7rM
dgillett6u@flavors.me,YaY2nCzzM4W
asmaile6v@over-blog.com,hT5OdjZo
rmelville6w@oracle.com,d4YZ3ZC5Q9x3
jboord6x@scientificamerican.com,RqQFT1N
ghansel6y@utexas.edu,xddlEYVcneHW
ospino6z@state.gov,dXdKkWNi
mfields70@java.com,YSUiaXvHS
ccaple71@jigsy.com,p8lI5JAXxUq
alaying72@comsenz.com,Isboq8vFXB
whowlings73@si.edu,1vVNxM
ccampione74@prlog.org,4iC8MnacQ7
vqueen75@list-manage.com,TtPMGeC
jmiddleditch76@elpais.com,8q1uemZgEOTw
vlangham77@twitter.com,ZUYCRWSP9
dbrereton78@myspace.com,9xludUJE
dwinchurst79@constantcontact.com,ux23RWT1s
jcarek7a@mashable.com,WKemg13R5
hhourahan7b@merriam-webster.com,YwGdnZF
ymccutheon7c@reddit.com,exMBdAw
gchasmar7d@microsoft.com,OOwOY9ppghR
flabusquiere7e@xinhuanet.com,KOa2HSgi
jbroadbury7f@google.it,OwEFvmZWVzq
bdefrancisci7g@altervista.org,lB5aXhl
rterran7h@yahoo.com,6Plfuh
vblackledge7i@smh.com.au,3cLOvHaiz
roganian7j@bluehost.com,34AEUmJmI
griep7k@imgur.com,J8SzYrLreJ
mtrodden7l@nba.com,FoED32NlKi
kburtenshaw7m@prnewswire.com,EFKa5ec
yyacobsohn7n@abc.net.au,27uSE8Tut
tcastagnet7o@arizona.edu,owuItlwH2XCJ
egilloran7p@toplist.cz,h8buKMc
kbisley7q@tripod.com,kPgT7acQm162
rferryn7r@desdev.cn,0I24b2ha0Yg
tsmidmore7s@biglobe.ne.jp,pFSqt9tA
jbasili7t@list-manage.com,yJHp601R
krenac7u@webnode.com,RjHkDP9Ee3Wd
mboni7v@goodreads.com,CsxF3u
bcanby7w@gizmodo.com,jZcAJYS4tQiC
kgretham7x@mtv.com,aMDSHZnd3rsy
bthirsk7y@oakley.com,bSSnGX
rplomer7z@51.la,s8hC9ICkjLU
mmcentagart80@jigsy.com,tupsIx4QA
tluggar81@dmoz.org,NU3Nu9qA
bwhitmore82@archive.org,rMAvaBvs
agovini83@admin.ch,XQKw31h0YS
nkraft84@imageshack.us,4fggj4Bpg6e
lbannon85@amazon.de,3NHYjtdOYPWS
jconnett86@yolasite.com,buUFnS
fpawels87@nsw.gov.au,ocI9jpgWyr
soverland88@bluehost.com,cxuaQ9FB
pmcdermottrow89@prweb.com,UhVebFfw29K8
asummerfield8a@cnn.com,Fj3fdERVc
gludgate8b@alexa.com,WWQZsQWVEo
rcrinkley8c@wunderground.com,cRgxlebo
aiozefovich8d@shinystat.com,6cDvlMsGlr
tcrockley8e@uiuc.edu,5On9UV
amoden8f@shop-pro.jp,2Zff88vdjB
gstowers8g@mtv.com,ZvuaPwoT7dkn
hpirolini8h@elegantthemes.com,jF6dEYKwm
recclestone8i@wikipedia.org,Mowqa0yo
gpenticost8j@infoseek.co.jp,NGsjORprSfmR
traiston8k@chron.com,HDLBHje
sdacth8l@irs.gov,Kf69LtpBIrm
eryott8m@ebay.com,aABgKn
jdoldon8n@intel.com,zQVDhm0nVyUs
wgott8o@foxnews.com,D9xIgI8
metches8p@squarespace.com,4kU9yh
mmeaker8q@slate.com,fRSXhe1
dwalsham8r@house.gov,uEuDSYCa
bpeskin8s@noaa.gov,xpveoxLcE1w
hwoolerton8t@sakura.ne.jp,lVXm6W
lstonefewings8u@reverbnation.com,r8kULF4zZ
ksilley8v@mlb.com,jRrfo8yK
mandrichak8w@irs.gov,NXYWIiZfB4D
rmarages8x@yellowbook.com,qy9KkB
rjanak8y@bloomberg.com,wGcN0YR0E
jerington8z@wiley.com,Esg3yetEVHrZ
mbeecheno90@cmu.edu,xbZa6oKaZeW
emcsporrin91@thetimes.co.uk,rwHLaHcccscW
cvenus92@gravatar.com,ZjlE6C3ZL
bsmythe93@aboutads.info,vi1RYwdGJM
amudle94@t-online.de,aV7gYJgF4W
gbaggiani95@seattletimes.com,cz2a036
pvictory96@reference.com,j2149wxitQ
tcumpton97@4shared.com,HAKYJCli6
emagnus98@chicagotribune.com,7N54OWllEgDl
aitskovitz99@e-recht24.de,d74XAzRls83K
amattedi9a@tuttocitta.it,kt95JEJ95q7f
evannozzii9b@storify.com,1EjraeHs
mduding9c@wix.com,AJhVWQoRu
bstuehmeier9d@cocolog-nifty.com,1yygHcIe2
swrixon9e@barnesandnoble.com,XsF7aBdAt
cstidston9f@wunderground.com,AJXK5m6
dfauguel9g@amazon.de,jxjiAUMm
khostan9h@scribd.com,1Eg2EjxQ4
dfernely9i@npr.org,nkIRSMDN6
croser9j@salon.com,zoa9zlS
ktrenholme9k@godaddy.com,UIlLKmDbYK
fstrauss9l@usa.gov,rplOZt3
apallent9m@latimes.com,aOydMHCb4Orb
nbrompton9n@dyndns.org,hw7ROy
gporker9o@photobucket.com,wM4GwC8Fz1j
ssprigg9p@stumbleupon.com,34SBIU
rwiskar9q@tamu.edu,BK3SJRLRZtgo
bepperson9r@google.cn,PUyNJBMZp25
ukaysor9s@wikia.com,cBxVr1F
ddammarell9t@blogs.com,7rqLPAhq3O
jcrallan9u@google.com.br,plygtd4kmaP
kvanshin9v@boston.com,Vn3mt5EWIXy
cspeaks9w@vkontakte.ru,FZfHM3dGDIs
cfairbrace9x@newyorker.com,XCEPl0O
nshewry9y@nyu.edu,2BZUR0
esprulls9z@narod.ru,GxmIGSz9YbBL
nkitchingmana0@dot.gov,UCVul9aN2PVI
stideswella1@ycombinator.com,zkWV7ShBH2
acristofaloa2@barnesandnoble.com,NalGfGfXsxbF
cdodgea3@simplemachines.org,1R3VftiV
vciculloa4@xing.com,WtSszgTbL
tfinlana5@utexas.edu,pZl2uxaf2bq4
bgozzetta6@google.com.au,0aSGLXBal3I
fcossara7@vk.com,jFvl9bV
irollsa8@mapy.cz,C6YI8x
oduffya9@biglobe.ne.jp,6deFhKjhML
rklosaaa@behance.net,u6gFD1l
bchappelleab@forbes.com,s48Wz05
hmillsac@skype.com,Buvan1
cjanowskiad@zdnet.com,eSKRvgD1e6l
kcornuauae@washington.edu,TkKaYDg
kdominighiaf@craigslist.org,FT75rQQejJ1j
sbehningag@eepurl.com,JVBZGdx
alawlingsah@php.net,rHSnM4u9X
elarrosaai@google.de,p7uV2Zf
iseligsonaj@jugem.jp,yWE6qQs4i
hfransecoak@pinterest.com,wxjjuTtHz26
cmacwhirteral@woothemes.com,E1r1kSts
nyakebovitcham@ftc.gov,6OpxiqWqhW
ndysonan@ihg.com,68X0FUfM6h
sbartolomeottiao@privacy.gov.au,RfQHJa2Y
cmcqueenap@techcrunch.com,Kiu34PAmfIea
tbodsworthaq@clickbank.net,icth9XH
imylanar@nih.gov,WBvPqLUxz
akirkebyeas@timesonline.co.uk,ofxR9CsvBCp
kmourbeyat@rakuten.co.jp,3Ll2gMLnIMQX
zkaretau@hostgator.com,K5z9WIZApj
jscrigmourav@addthis.com,M2mVPiY
fflanniganaw@cloudflare.com,pZqTNqigg
hskilbeckax@purevolume.com,clcjHF8vvI6m
cmulvennaay@google.co.jp,WuGP8dCS
aenburyaz@wikipedia.org,2Eypqn
dbambridgeb0@yahoo.com,3uRpn3wFZa
sdriuttib1@netlog.com,oYqeCv7
jionnisianb2@flickr.com,OuO6yGaUwmYk
npaulillob3@photobucket.com,un07VNPQXSer
kheningamb4@hubpages.com,vLYVz8Tj
sheninghamb5@gizmodo.com,LkfvBH1BW1
dcurlingb6@ted.com,zO7205xGgW
asandifordb7@theguardian.com,I849Ey
rvowdonb8@wisc.edu,NnZuBVQOoAXv
rbernardinib9@ibm.com,sC1ruI
nbramallba@skype.com,nZQ1gD9pW
wnattebb@dyndns.org,WLPItUiVnNF
cbiestybc@soup.io,H9HSibTN
tbushbybd@spiegel.de,AVTnusnqoS
rflavellebe@hhs.gov,dAjkOa
pampsbf@ocn.ne.jp,nWceXvsv
lduchanbg@yandex.ru,QjLGIp3q
apybusbh@fc2.com,88NOJu
techbi@wisc.edu,gfiO9dXawG
mweeklybj@example.com,pVpfDUS
ceuelsbk@java.com,dzYFV9vrWrE
cdoigbl@jiathis.com,VV3RjMxv57
bcarrellbm@weather.com,jgZm3TGuGjB
lrowdenbn@si.edu,oQd0eB
spinardbo@istockphoto.com,aq7XDZHNfAM
hhancebp@ed.gov,qOE4vpu9
afosdykebq@bigcartel.com,GZGEIq8fsDV
stottiebr@fastcompany.com,ECiGQ2tRWK7
jnevillebs@multiply.com,JQaDes4gx
ldepinnabt@wiley.com,VL0bCAAjkX
vhothersallbu@example.com,zRbP5qjgvKyS
swinklessbv@apple.com,z1FiH9E
tborgesbw@unicef.org,cQ7FuYX
ascholefieldbx@weibo.com,I2mPMjGvH
fclewby@google.ru,gbvAyn
emorsombz@paypal.com,ss8pgy
aquereec0@gnu.org,PFpn2YEW
epenhallurickc1@wp.com,uwZsr0T
ldallowayc2@wisc.edu,TuALm33tmbF
clongmeadc3@uol.com.br,FvjWshpgFLo
smacgraghc4@amazon.co.uk,vWKXIHMtZfU
rciccoc5@latimes.com,trSKLn1vO
rbozwardc6@gov.uk,fqT8rvDUH
fvanesc7@chronoengine.com,7tYsdO3VY2R
cayscoughc8@gov.uk,98VCZABuOd
aweatherdonc9@epa.gov,QGIYaE8nz0
msylvesterca@washingtonpost.com,73rVGxQj
ebrydonecb@google.pl,PFbuvTkA6
aharescc@360.cn,V7DdlFUmmB7l
fpulhamcd@state.gov,kGrzCUcp
cgodlipce@dion.ne.jp,yusUjakUNi
hmangercf@people.com.cn,UaNqlGmp40ys
tohickeycg@bravesites.com,DOjQk5YS6
fjobinch@canalblog.com,HEP7t4rfzB
cmereweatherci@theglobeandmail.com,bfQq7PsvTK
hharbinsoncj@who.int,v31Qdb
bheffyck@wired.com,hnrrLs
ksturzakercl@shareasale.com,Q7Eadsj9
myoungcm@sphinn.com,VvJT7zXP
ztraytoncn@google.com.hk,QU0jF5
hbrendekeco@msn.com,barBjNqzHF
sblumfieldcp@google.fr,m07Ulq
hdawcq@pagesperso-orange.fr,A4IM6zN3iUjC
ugydecr@ask.com,DXkqkbg
fhounshamcs@lulu.com,XReKWe
nbloisct@blogtalkradio.com,CfotuP7e5
mtregunnacu@nytimes.com,KYlrj9hU4nm
omulrenancv@marketwatch.com,QhBMtV62ZGG
kburbridgecw@buzzfeed.com,EFGsKWjbg
dmullanycx@icq.com,5IKYQbp
mbaboncy@jigsy.com,F04gg8l
nrosenbuschcz@sphinn.com,me2DrsK
htelezhkind0@cdbaby.com,7i7J3SxA8rj0
mscriverd1@narod.ru,YC0ZEtcUmKG
hested2@hhs.gov,ntNAcHJd
atickled3@nsw.gov.au,6lfoou6twr9v
cmoorsd4@netvibes.com,1rYnso
ssegard5@theglobeandmail.com,Jc3dSvwQVAId
bshouttd6@guardian.co.uk,GiLN5uLQHs
msmithind7@boston.com,M3JKtKf8lHJ
gkirkbrightd8@reuters.com,iWpBPZv
tabelsond9@t-online.de,4hA1FTzXRser
eanchorda@newyorker.com,Tr7KmD
escatharddb@comcast.net,stLQjt
ylampettdc@elpais.com,w2bPXsFH
acollishawdd@hhs.gov,PmBS7022hsXt
ccafferyde@mashable.com,gDwRyt565Y9j
konyondf@cornell.edu,cyyyMi
bmcnuttdg@wikia.com,KENmyCIsatw
hfloyeddh@moonfruit.com,f1xM7MD
jblakelydi@netscape.com,f3qlABy0nq
fmatousekdj@pbs.org,8TsJB5
gfilimoredk@disqus.com,k0BoA23uP6
mcottilldl@t.co,vqV1Wnjaw
csemraddm@unesco.org,uGZUqIC3h7ED
lmcgifforddn@army.mil,SoVCbq9
dtraylingdo@wordpress.com,fNt7RVs8
cbessantdp@utexas.edu,Ien7WCvEL
akibarddq@ftc.gov,UwfeO0PvpE
ashippamdr@sohu.com,M9f56yzYo
hputtends@flavors.me,WcoIGZ
kkierdt@tuttocitta.it,DugMYvb
linskippdu@issuu.com,lPL6IiCL
fstathordv@cnet.com,xtIjOCWlKY
amaystonedw@bandcamp.com,zBMNXvZv
hkunzlerdx@redcross.org,YWUEvyD
wmcguffdy@pen.io,vouEzIsF
oberkowitzdz@e-recht24.de,scSo8dM3aJvz
staltone0@irs.gov,vYvicCVI2ipJ
drullere1@mozilla.org,orEefjgyA
rhabbale2@deviantart.com,zauite
smaddocke3@dropbox.com,LE17eo
rkondratenkoe4@meetup.com,XYc3gEunjj
lbendelle5@loc.gov,2250fKal
ccrushe6@ucsd.edu,yPJo3m5n6CF
cmatthiuse7@comsenz.com,6ELDVqTGSsXw
btchaikovskye8@chronoengine.com,ocMGJYvsl
adrohanee9@ow.ly,gj4YxEcZmzbI
etickea@feedburner.com,Ewi6xhM
awitheridgeeb@delicious.com,EdsvoQ7XJ
kspurdleec@about.com,GCKgwwTQWGWs
lcloustoned@uol.com.br,OQ003ki51t9F
mtrewhittee@devhub.com,kYXbEiHOOUI
gearyef@tinypic.com,5gqgYFvv
plakendeneg@slate.com,rye5j4LXBTvL
tchittimeh@cocolog-nifty.com,TB9QYin
lpunchei@diigo.com,BmE2me
mkhominej@disqus.com,gSOg0Y
delfordek@ebay.com,xhM4t4LbO3
cnorthropel@delicious.com,p1le2Fq
ccrumbleholmeem@who.int,7XleZL
larmytageen@engadget.com,MJvC7kgsO
lvynehalleo@buzzfeed.com,ioHZ7DHy4l
lvennartep@intel.com,8tHHfFDGJ
gateridgeeq@jimdo.com,gXKq0mGthf
crannalder@tiny.cc,toKPrbTCAO
kcaddickes@weather.com,MGaM3S9Xor
hclinkardet@google.nl,xEN555Q
hkleisleeu@homestead.com,8Akw7tRrnZY
hduncombeev@i2i.jp,St2KZBt
lcurwoodew@wix.com,0Ysc8Z0ec5k
bkellenex@behance.net,ZyK2f4S
fquinbyey@virginia.edu,sj5Ev0
stuffellez@usda.gov,qWcNfAM
havramchikf0@dell.com,A093qZBM
ljurczakf1@w3.org,Pt0g6Q3LR7B
kweltonf2@pagesperso-orange.fr,TXBjbs8oCbP6
pearpef3@state.gov,S2pn1hdWH
sscarcef4@narod.ru,gE3Conk3soN
mscreechf5@theglobeandmail.com,GbFtyOAp
jreinerf6@ustream.tv,O31OunFhN
dmacgeffenf7@house.gov,j3EcjML
tklussf8@businesswire.com,Vn3LG6Whl
lwinchcombef9@ox.ac.uk,6p6nh4n29
pcrowsonfa@nymag.com,PyvXrbw
rkupecfb@umn.edu,FJQKD1V1
itrussefc@altervista.org,UJMAtkR80
mstedefd@aboutads.info,9Xbfsm
mchurchwardfe@fotki.com,J74z0KQyb
rstavesff@microsoft.com,9eablmDTZNy
agauntleyfg@ycombinator.com,ESIMaCiT3y1Z
anobrigafh@cisco.com,82tnBnvTk8
pbourrelfi@reddit.com,I8mraS3GnE
bcasierofj@shinystat.com,DuYW5NNi
dgrazierfk@google.de,J1DskCI
tdrohanefl@chicagotribune.com,o5HJUvQRxw
lbewfm@zimbio.com,YtqexnS3J8
cortmannfn@netscape.com,F5hsqnfMLsf
rculyfo@godaddy.com,Hzqll07
ddengelfp@yahoo.co.jp,ciTD4uayJ
triddlerfq@ustream.tv,aXrpMpDuLjj
cmcmeekingfr@msu.edu,zByPZQ
hneisingfs@utexas.edu,xpHKdi6ar8
rfellft@myspace.com,zsusFmDhn3mh
ahacklyfu@mozilla.com,BIZmVOb
bbedlefv@washingtonpost.com,NAKtHaY84L
ckunzelmannfw@state.tx.us,lSP938gN83b
ecreebofx@abc.net.au,cSxCK2dA
kpaolaccify@printfriendly.com,jzgieiPP53Bc
lnendfz@github.com,7KQyQ7S
ematesg0@deviantart.com,UsVfX598eIy
proserg1@yale.edu,9Bplil2Z
sfilippig2@ox.ac.uk,m5xmbx
aprimarolog3@wp.com,9GcwQ51
khamshereg4@trellian.com,CEgIu6
rhenstridgeg5@si.edu,61elSp
grichardsong6@nasa.gov,W7BkRPZ
ccrunkhurng7@wordpress.com,PuVKgMu
rlamsheadg8@kickstarter.com,WFQfksLs
ldeleteg9@ca.gov,Zl2apgG
lvaneyga@buzzfeed.com,50KFY3Lu6d
akinsellgb@liveinternet.ru,MK5diyDA
tskillerngc@purevolume.com,YpLcQew
twasbeygd@ustream.tv,OIKnWRn4Lij
mgriswaitege@yellowbook.com,R0h5gapj
hdrinkeldgf@shinystat.com,lXdOzEXM3FGX
sscopesgg@earthlink.net,HSIIloG01
lbertomeugh@free.fr,4hjEsb
nvanderlindegi@technorati.com,HmCN8Gw
spignygj@joomla.org,yVJcn4GqzJm
gkordasgk@sbwire.com,wSWmoa
lkikegl@cargocollective.com,cVfHDHJYkz
sespaderogm@google.ca,NGboAK60ZNiL
astermangn@youtube.com,Fw7T20sHWv
ahumpherstongo@admin.ch,op2k0AHjkvao
sfaingp@google.es,chBI8rE
saksellgq@domainmarket.com,IkfSR2uT
tmerredygr@cpanel.net,KYkwFIeT
gcolvinegs@cafepress.com,IJjmVC0l6nk
hwillstropgt@irs.gov,eIgAkrEQw
asutherangu@qq.com,tBv56ledf
bbrettellgv@vinaora.com,vRhtdqM5u
mpaschkegw@huffingtonpost.com,GWiLGiRGd
mradbournegx@nasa.gov,hTLYdkf
dcaslettgy@xinhuanet.com,iOlytFZ
vdinnagegz@sciencedaily.com,mipbBZuGi
adurwardh0@apache.org,DekauH
astearnesh1@amazon.co.jp,fGvC57
gmaccaugheyh2@slate.com,ncYXeHatjlNM
dwithullh3@huffingtonpost.com,YUY65i
jandreazzih4@i2i.jp,qBVCKdi8itA
gmoubrayh5@a8.net,ae5nbBqacu1u
nbaylayh6@tinypic.com,Jvxufj
dtindleh7@boston.com,TJ2Z4FNxlJZ
lsareh8@washington.edu,6X0AGInS
wwoloschinskih9@xrea.com,MV4UBuNCtT
dkrollha@irs.gov,mAlBZT94m
jarborhb@bing.com,Iv1EeFd
gharpurhc@merriam-webster.com,Aa19qKZ
lbampkinhd@utexas.edu,Zx1tohuP9
aspraginghe@techcrunch.com,fjTKlUuSv
todhamshf@etsy.com,Rwt2bd84Jn
ggostallhg@google.com.hk,WDGqf4ig1IqE
mpitbladdohh@scribd.com,RvIvQIIf
gjanaudhi@accuweather.com,xawsKHf
cyakunkinhj@samsung.com,Xh7BUVZiwK
hgoodissonhk@cbslocal.com,cJIXdEhv
mmulberryhl@youku.com,rN0yFHIsnb
jhaversumhm@plala.or.jp,hYRmR6RlmX
pbaddamhn@phoca.cz,Cpo6OtRE
hexrolho@linkedin.com,xg39K1Zh
dmanifoldhp@i2i.jp,bwcIqWkY
erawsenhq@shinystat.com,ySCRXx
dstickneyhr@facebook.com,OBrVjwUvKtq
hamsdenhs@rediff.com,VYABddkoohC
rferronelht@elpais.com,YyJO1JNuB4jQ
jbonnarhu@google.cn,GZxBmD
dduckerinhv@woothemes.com,dAzwJ9MtCr
adrakeleyhw@mozilla.com,Czc8zkUFF
cjoinceyhx@hubpages.com,YkyIMua
vcattersonhy@instagram.com,dlsDEjT
ahaddlestonhz@nyu.edu,qjT60v3
rhoggini0@wsj.com,FcvwOgJgyE7
asortoni1@ihg.com,dRWOYCp
lstickfordi2@pen.io,VaHJfE
pbriatti3@aol.com,WfrfXaNDDy
dbohlseni4@oaic.gov.au,iBMN4n2yDCE
amarrei5@gov.uk,fBMQMcG
lverheydeni6@uiuc.edu,7SC2S3h
jbackhousei7@census.gov,2WaHSut1I567
lgrinikhini8@nationalgeographic.com,kF4wpTWwRZ6
wweipperti9@creativecommons.org,79hW5gfD
dshovelbottomia@unicef.org,Fz4UgWKaJvy
onevettib@comsenz.com,ul1kKi9jjlxh
mellsburyic@digg.com,bChmJ8I4
smcmichellid@hhs.gov,lRqeZ2nMR
mferrerasie@clickbank.net,Fwfdmc5
cchambersif@php.net,W3ENxVXPZz
mstallwoodig@gov.uk,UDCPvj6a
bbreedsih@networkadvertising.org,P8qq7iCbPj
hkachellerii@ed.gov,KT0fyurM
teliffij@about.me,umLlkBt
tconerdingik@fema.gov,2iflxiHRQP8h
mjerischil@toplist.cz,TIGGCZS4D
ggalieroim@wikispaces.com,SXZMcoH8T
ltothein@state.tx.us,79tJF5pNH0P
citzkovwitchio@smugmug.com,ZpJDLjlPLy
tickovitsip@slideshare.net,mi2wUErXbRw
gwhitteriq@ask.com,UQBU6ZzJua9v
cplewmanir@time.com,xGlH1Xkuy3r
rlobis@springer.com,srya7K3
cbattramit@go.com,vweJuue
ecarissiu@cbc.ca,cRBwlutk
aloveringiv@pagesperso-orange.fr,f8rWZ9N
nhartopiw@cisco.com,Xm7hoFif
rpotesix@twitter.com,3wck0NIP
niveansiy@yahoo.co.jp,Ykwhkuos5
etardiffiz@purevolume.com,PbfHyFdcbk
mmathousej0@blogs.com,IbT9kQ
mcandlishj1@abc.net.au,DAPWcp
vjedrzaszkiewiczj2@friendfeed.com,gogzaAt
fshanklinj3@domainmarket.com,me2o4eVpXkxl
mcriellyj4@slate.com,fTVqq6hRe
tavardj5@list-manage.com,yL3vplLR
jriddlesj6@sitemeter.com,TbqqVwY
pgilhouleyj7@bandcamp.com,1uCbffV
saltoftj8@photobucket.com,s7eyvsl
delfej9@mashable.com,KP9HiVK0p
glakeja@cyberchimps.com,ICXRbKfrVx
tcastiblancojb@narod.ru,jGw14x8
sroperjc@craigslist.org,aZZWNM3bL
ellopisjd@yandex.ru,k2DYn0LmrUL9
etruterje@nbcnews.com,PzrUsy
eguyanjf@gov.uk,IJydHwdLObp
bharewoodjg@taobao.com,KyQLwcpFcC9
nkrinkjh@alibaba.com,0cYreUiQMX
mbalwinji@wunderground.com,n6QeLAd7n
shalahanjj@dyndns.org,ZhsD9eBV
rgoodwelljk@mapquest.com,1THLPoRZI
sjopejl@nature.com,iylYUiD
smchalejm@va.gov,sy2HZQk6U7
gmacphersonjn@gov.uk,p4ZpbWtSf
adenyakinjo@narod.ru,XJGsCCcK2Wan
epartrickjp@vistaprint.com,RphFXOcgo0
btowndrowjq@weebly.com,0sIVtXbL6Ht
fskettlesjr@europa.eu,Sl04ub3aNAC
ghuffadinejs@indiatimes.com,nsuux12P
vleiferjt@seattletimes.com,s6H1MnvaO
jotimonyju@aboutads.info,6xDDW5
kwoodyattjv@barnesandnoble.com,20uouZ5mxp
jbriknerjw@addtoany.com,BYm0Cer
msherbrookjx@paginegialle.it,4yJeeDxpAE
ghackwelljy@google.nl,gtWh51oq
mrudramjz@geocities.jp,zyWmNiGdB
dmannersk0@netlog.com,6pNVsGV7wwMY
ablenkironk1@deliciousdays.com,Rea2St
eetterk2@histats.com,qzNmrs
ecauldfieldk3@smugmug.com,vv3HjPwnIy
sfrankcomk4@wikimedia.org,GrYE9NkSXg
buriank5@flickr.com,nJIRQmchlCB
aelfleetk6@exblog.jp,vgKzpYMucbH
afitzgibbonk7@pbs.org,nhLK6peIHX
kkensholek8@posterous.com,eQADn6LRwf
alouysk9@nyu.edu,nGAMLWJ
ashevillka@blogger.com,uvbs9BAYZt
jclinkardkb@artisteer.com,rtif9dsGZ7
rcollisonkc@yale.edu,3GYRHH1bnD
mbrayshaykd@google.de,ctO4qhgh4abO
fboeterke@google.co.uk,YjQuSrPTYf
msarrakf@t.co,oM96cTd2D0
fpayliekg@house.gov,w5PAsTN
selleraykh@posterous.com,kebeSzBTJED
cmacknielyki@1688.com,2YAElb2BMK
gsinkinkj@ted.com,HR9tQNvXopxA
hramakk@homestead.com,WI56IwWSN1
kriddlesdenkl@europa.eu,s1zdOULN8
hhunkm@free.fr,9SVeab
mfosbraeykn@hud.gov,dpYFhMtjY
btillertonko@hexun.com,Whfouf
schristiankp@github.com,accYqq
mvescovokq@wikispaces.com,Y9ogSj
alauderdalekr@meetup.com,GpRpNugHamYh
sbuddingks@wsj.com,yCD4HNp6ZVO0
dfirpokt@pagesperso-orange.fr,HDGf2Pw6kg
solivaku@seattletimes.com,1Vwj0DmbJ9kb
cbernaldokv@wunderground.com,f8Zcr7mQs7
kstallworthkw@apache.org,xJ1hLbE40UT
tcornilkx@java.com,m6qQGU
lsausmanky@home.pl,FduYe6aQH
agreerkz@umn.edu,G5DyDB
sceeleyl0@free.fr,FaeMA0V8Ny
mpinnl1@mashable.com,EWoRsI
fvasilievl2@webeden.co.uk,rpGhS4e8I
gyekell3@meetup.com,5LgVCi2vyFz
bwasylkiewiczl4@google.com.br,HvuUBURAW3F
lcumbesl5@dot.gov,QThV2JWGzeb
mmackimml6@smugmug.com,8p6QD1USZzNQ
mjahnl7@clickbank.net,dqT2vtQN
dwishkarl8@timesonline.co.uk,AUPan37aO1
bbaldenl9@google.com.au,5APwAPWNa
cwoodroughla@marketwatch.com,IQG8mVE
gjurkiewiczlb@epa.gov,eVCeSx
idouchlc@people.com.cn,MajNkY09Y
rmccaskillld@guardian.co.uk,rHKqUXRzj
agrundeyle@cbc.ca,MXF0JbNh
tsmelleylf@constantcontact.com,mUOJ5AxMn
sinchlg@guardian.co.uk,kjW3zl
hjenkinglh@gravatar.com,3CU1Ig4yPoS
rarrundaleli@slate.com,shUK225GzD
kcollocottlj@cpanel.net,7QGHHRK4mN6
pscotchbourougelk@wikipedia.org,H5NbaHP
idurstonll@vimeo.com,5BH5Ip4F
hdannelm@webmd.com,gzWaGB0z4h
sechln@springer.com,56TaRw
rsulterlo@google.pl,tu99mIqcf2NZ
rbattyelp@vkontakte.ru,IPBOYI8vmg
wdaulbylq@vkontakte.ru,UGBRboS
alomblr@hao123.com,aRzcB1ru
dtrancklels@1688.com,rM4cdt
moakshottlt@home.pl,P1BmmJB0
tkopferlu@unc.edu,FTNgpEt9v8A
joffieldlv@ibm.com,jXw8Ot74enI3
dwhyelw@squidoo.com,edrRNNq
ghatcliffelx@google.de,Wzr3x0WzsONp
cwoodwardly@desdev.cn,N2G0qXa
nbuftonlz@slate.com,8rk3MSbGrvS
egroucuttm0@ustream.tv,8llQtjL6Frq
aslossm1@marketwatch.com,pGzw6yiZzM
eswanboroughm2@discuz.net,QrfjUq
apollettm3@google.com.au,ZSb3OFVs
rwestmarlandm4@nih.gov,AQNkVslUr
nheighom5@wordpress.com,zQ2lRCSwFN18
dgabbattm6@techcrunch.com,SVrVlb
blosbiem7@topsy.com,50uw1eIH
fdunlapm8@google.com.hk,Xr1lAVh
bwestoverm9@imdb.com,BAB7PJZToy0
hheggiema@people.com.cn,AmuMIp2y
sphillotmb@tumblr.com,JaG5Rzqqf
cmccaddenmc@blogtalkradio.com,qiiB4n3yf
cdesseinemd@creativecommons.org,LhfmMMnBR
vodunniomme@discovery.com,c3v4Qiuth
pbeadnallmf@scribd.com,ZYQPPQ7q
jpaulettomg@state.gov,cQYfEx8xDGH4
pwildmanmh@admin.ch,pNAuu2F
hgammidgemi@themeforest.net,S0wPkd0wQV5V
nmccookmj@cyberchimps.com,pMmhmIyGjFN
mtroakmk@etsy.com,7uay6fGYJxG
dboyesml@msu.edu,VeNWDgYL7l
fmarquesmm@wired.com,yqYKp9bls
owhittiermn@vimeo.com,hV5MxBOR5L
mjikovskymo@un.org,DBeXSXKz03
tguaremp@house.gov,Wh2VmTqo
hbennionmq@google.ru,KqepbQXMEhe
cleariemr@bloglovin.com,k3LAF3bxn
sbonhomems@ehow.com,LVIE3A
colivarimt@tinyurl.com,wmlDKjz
oskotchermu@mail.ru,f1jzZcE
hmathiassenmv@t-online.de,hUAQehE6
tsifleetmw@marketwatch.com,BrTnqs
bbraistedmx@discuz.net,Kk9d8QL
nboydonmy@admin.ch,7jSDe6
mallcornmz@craigslist.org,eZglKvPsrudx
mkinetonn0@bluehost.com,rfoKI9pzs
gpeekevoutn1@businessweek.com,BuGHT6Iqa1
smatuschekn2@ft.com,wGdlMaXXcmbX
ybarochn3@jigsy.com,Go2FsYNz
jberingern4@google.ca,y7gPllP
gmcphelimyn5@woothemes.com,3MfUeW7ImM
pgorringen6@cdc.gov,6RRZ9dZtSk7
gclimsonn7@yellowpages.com,kC444nwmx
pbarkshiren8@pagesperso-orange.fr,a079wugPK
htulln9@woothemes.com,xF4ObJkVW2G
tspehrna@dyndns.org,fBn0cY
gferrarionb@mtv.com,bjsR9MW2XI8
ndurdennc@acquirethisname.com,RysSjnhR
emeaknd@mysql.com,36qv0K
cmcnyschene@canalblog.com,CL9u8H1P
abreedernf@about.com,3fRR3Vd5e
bouthwaiteng@go.com,xjRQki4e
ckikkenh@skyrock.com,NvLRrJQsEXF
rparkeni@biglobe.ne.jp,HQ85Lav
agalliconj@jalbum.net,MmLhfo3tvj
jhevnernk@etsy.com,DLtPEc
hharrowingnl@nbcnews.com,ZKBWMfUTDV
bphilcocknm@desdev.cn,0GoXfbhen
jpeskettnn@thetimes.co.uk,mgFpN8
uschusterno@sitemeter.com,JEQvle
nstiegarsnp@abc.net.au,5M2Jq8ZrnBI
bavisonnq@wikipedia.org,PQcfgAhbKlP
kbatcheldornr@mit.edu,BP0pRsG3s
jgregolns@baidu.com,lbTfDsb4VDk
bgoodredgent@goodreads.com,7ValyYP
wexleynu@miibeian.gov.cn,GbtowXQ
afallonnv@samsung.com,aVBn8QmE
dshermenw@bravesites.com,dZvMFSp9
mrainvillenx@blogs.com,y8dtML
bcarmelny@dell.com,MftAqYRDkAtA
jpedlownz@blogtalkradio.com,tAVxwc4
dbratteno0@gmpg.org,BtUWXd2V
mguildo1@digg.com,WY2gOcDJ6Er
sgearingo2@globo.com,QeehpJU
dchipmano3@google.ca,pcnYISREHAU
eisacssono4@wix.com,GP7IYO4oAE
ttayntono5@unc.edu,LyX2vHh
rlinnito6@columbia.edu,BYhl09eUet
sdeneo7@sun.com,FE3PKmRcJnE
hschermeo8@toplist.cz,0YK8uozjI2ur
eraisono9@engadget.com,lqMqL1CxH
zokioa@ovh.net,mDvsZj
tseabornob@ftc.gov,5LiQxhe
cvanceoc@census.gov,WiNIbmMZ7
eflitcroftod@blogs.com,QuZerxU7
vringeroe@cbc.ca,34pAZew
agittoesof@exblog.jp,lFZC3FZ
caldersonog@qq.com,NybMvHFBRrKR
millsleyoh@icio.us,aP7YT5xdYFco
gludwikiewiczoi@mlb.com,BNlNkMEXhNe
mogradaoj@google.com.br,ufwMLuUh
mthomassenok@mapy.cz,zkgOyR9m
afarguharol@virginia.edu,7VKSqEBd
egeartyom@themeforest.net,JN6wRuQw0X
tnurdinon@foxnews.com,oRhqxXyF
dsetteringtonoo@sfgate.com,k2bPhbfsc9O
pjacmarop@cbsnews.com,sxv74Qf
hkillelayoq@paypal.com,6CZVvwu3Tqd7
rbatterbeeor@mapy.cz,cJBgCe4P4Kby
mblethynos@feedburner.com,VxNmLLaPrmYm
asherrinot@ihg.com,8c0kGhWUuJX
celstoneou@feedburner.com,ZRghYOmaciN
carberov@businesswire.com,3EqqXGgPVxxA
earnoldiow@sfgate.com,AvRglb9
rswangerox@hp.com,iAYaCnZcA
dcottonoy@mozilla.org,cwojXCAHW
zmullenderoz@umich.edu,a1Ky9uguv
bcaberap0@mozilla.com,leZ3iI2iZcH
massantep1@naver.com,9LkJzco1jl
dounsworthp2@washingtonpost.com,525oOfF
rkingettp3@washingtonpost.com,ExrdHgm
ycolebyp4@github.com,qqxbsC
kizzattp5@noaa.gov,vWqWna
nyorkep6@businessweek.com,TuWjdzQ
lhollingsbyp7@businessweek.com,Uxrxlx9W
fmackenziep8@creativecommons.org,67XUDfTkY
nkienleinp9@artisteer.com,IGge6Rhb
cissittpa@disqus.com,z75DWv
jjarleypb@w3.org,2RtiPl
cschwandermannpc@illinois.edu,OnMroGKug
bpentycostpd@liveinternet.ru,QnyRyjl
hgalierpe@columbia.edu,JNVVNntBl1
cogavenpf@hud.gov,QqBU9X01c
idanetpg@shareasale.com,9tXthD3
jbockingph@nbcnews.com,MiEy34
boggerspi@stumbleupon.com,PseN0Vf1
tdcostapj@4shared.com,M55WJS
ireddingspk@hhs.gov,J54REkbGG
eloveridgepl@flickr.com,g6ygAkj
cfirebracepm@vistaprint.com,dwzz5Z
mtomblettpn@indiegogo.com,i4VEwpCjG
hvanschafflaerpo@comcast.net,1n4ysCRwx6wC
hallingtonpp@walmart.com,lvyENBRm
bmallordpq@ed.gov,9s3xdf0FEQ6A
sfollettpr@senate.gov,SwvSvNPQM
ohairps@icq.com,6hF7oe
roliverpt@lulu.com,npNpLBdS8K
drotherpu@list-manage.com,0eKLKBQ
ditchinghampv@blog.com,xlkmv8Ww3
rkohlertpw@google.com.br,d1sTCxu
hbrimpx@umich.edu,6oMCxIgl
ibresnenpy@tinyurl.com,sJ9QTPDjX
jpalfriepz@oaic.gov.au,OeN4x01J
sramsellq0@intel.com,qsNaFabV
fandreolliq1@liveinternet.ru,xgjlA2F3jTi
mwaymanq2@fotki.com,DEIxiU1b1
mantunesq3@shareasale.com,SsacY0E1k7g
nrollerq4@gmpg.org,54zvRZMnVm
helizabethq5@indiegogo.com,fLrDO6
mginmanq6@sphinn.com,a6TODMnB4
gmanifoldq7@blogs.com,fTBLgLrbeD
sselbyq8@sourceforge.net,UGpbNCA
nthoringtonq9@census.gov,BkiyQZEGjni3
shallwoodqa@lycos.com,ZJlaxjod
hmaccarrickqb@blogtalkradio.com,cCITiWbxi
rbaderqc@livejournal.com,kxtrokmU01
oeldredgeqd@google.pl,0DB7ceIG
natwelqe@shutterfly.com,aKWN1m6RZQ
gvincentqf@ehow.com,0YZP9SL
kocullinaneqg@example.com,FSDJIq
bnastqh@auda.org.au,dIvwi8dDsBH
rgrabhamqi@xing.com,gxVNXhcu
chearleyqj@marriott.com,0x5HVN5uZ
cvennersqk@fda.gov,IVL7uWn
ptwiggql@bloomberg.com,GuEfUfhT
rwebbyqm@bigcartel.com,r07bIps8sscb
tpurdomqn@cmu.edu,9IXxQwJ2iZc
mgalifordqo@uiuc.edu,m0bvdBQoh
mbattingqp@example.com,aSEkyVsa
gpollicoteqq@goodreads.com,V0ZKUV9JbLCh
hcockshuttqr@theatlantic.com,24AQ9y
hfahrenbachqs@devhub.com,8hPBppH6p0h
civicqt@usnews.com,ZxKe4x
abankhurstqu@amazon.com,B7MkGHmpIo
gparradineqv@unc.edu,1BFJ3xn
sjervisqw@sbwire.com,5byzoCuR
rfrancescqx@apache.org,IWbMIeO
gjerzykqy@usnews.com,2Fxxftd
rranklinqz@senate.gov,UfV1kmfAUC
hleightonr0@telegraph.co.uk,qv4uJ3
ciddensr1@cornell.edu,7i21Pbf
tolivellar2@hhs.gov,hOKb5ztK
llefortr3@irs.gov,uNIabX
bcastelloner4@cmu.edu,gjhyON5
nmcenteggartr5@pen.io,m0X2q3X563pn
kjurczikr6@wix.com,cFPSXlJyPz
dgaultr7@oaic.gov.au,Fq141kJ
tchaudhryr8@networksolutions.com,90Kfp3gCYF
bmcpartlinr9@dot.gov,JuzDck1iemoR
cruppertra@lulu.com,saAMeA1M0aqs
klouedeyrb@woothemes.com,PBJU6SG4TGSP
nbenittirc@feedburner.com,kz2OW5N3
lwakerrd@marketwatch.com,NfLlOYgYJ21X
jpenwardenre@apache.org,e7ExjV4t
lwrightamrf@ovh.net,rAW5nWJ
cgalbraithrg@upenn.edu,05n8Yl3N8
dlowerh@wsj.com,n1ErnNq
dfabbri@cpanel.net,ITqmV4mZT
rgrennanrj@altervista.org,cr7AeK5DWMHA
jhawkeridgerk@themeforest.net,atDYiUAYZj
dsladrl@tinyurl.com,KkQfGNqM2dI
cpiccoprm@trellian.com,361sR2Q9keY
gsinkingsrn@newyorker.com,ZwNh7EY8SO
rbransdonro@edublogs.org,h2EG20HM7D
pbeesleyrp@constantcontact.com,6yq4NlE6Gtbx
crhodusrq@prweb.com,GlVtbYuj
bhaugehrr@eventbrite.com,97MMoa17S
