email,password
pbeacom0@geocities.jp,$2b$12$Dcsu8SGo0n4c/zIDcnZOGu7O0R1KJ/TKZOyl.kjLtrGii5w.zERhS
fbinfield1@cam.ac.uk,$2b$12$wc643UTb5jA6lo5ag3sAjej1JE4Qt7/m6her25GAwNR6vlZfaVF3q
prasmus2@mozilla.com,$2b$12$Ikr49bSE6sdaIEt6jJq25eVopEKu4O2E0UgmwWGeGVZgyhjObvhXG
ssindell3@google.fr,$2b$12$EI1pHbaC5HmYW64BWcjR9Og6biVrR8VO18Z6gI6KeRJbfUHU.Nlvq
lolenov4@posterous.com,$2b$12$wWmtaKX87jFNnbXmGwSd6Or2VgwTst5qUJy/B1.1TzEG1FJKJnXSu
dpunt5@salon.com,$2b$12$C9x6HduwYNsHYCpQ0p.cJOy2K/vA0CwzTvLF19iNMwm1z6/nU99XS
geede6@washingtonpost.com,$2b$12$F/NxqwonlZWELlr0kSEeVOvXMtnyj.ZC4SwhjAcY4cEr9Xc44Qp16
dplacidi7@wikispaces.com,$2b$12$O/XDh1B07ZEpRH4JJmuVQ.hjgXFt6NgM0N4dV/tg.dC8JX1stp8MG
dblanckley8@free.fr,$2b$12$5kJGe8tdrlEgYXfVN64e9uQIWW3eyI0ZcDxvjFbN2aKWGCA6Jo9K.
egrunnill9@google.com,$2b$12$wFv214qlC7eaJkt450VV/.G16g0GMpMPXRbmZHDaEet0P3vizK9qu
ldivvera@github.com,$2b$12$gFqqBIUFzLgivI1OZ52/Ye14Opvw13Cwepp1gmlGfSQsFf.81yJwe
cmaccleayb@apache.org,$2b$12$XgssO619EUEefaXi.es6eOsdSIzOuDfVXXhW8EiPUMpPPnfvs1jGK
jloeberc@mozilla.com,$2b$12$vs0BQhagPevuTj0PUQLUVOuo3T34v.mvKIv4/UjIwtrdUJTf2pEFq
fbrandrethd@alexa.com,$2b$12$e922cr/2nQeps4L0dDPhsOlaV4Zs36XmkG2d8nGHOh9y3SJFP6sf.
wtildesleye@creativecommons.org,$2b$12$Hc.Tf6NlTDmK02lLWCP64.2hUFljDaZNCfSsbqlxfxcbI0GwY61/O
nbossonf@tuttocitta.it,$2b$12$ggZvqndX7y.33e525a2c.eww2vZvEluAa3DzoSofM/L6eqlJT13Sa
jbrownleag@eventbrite.com,$2b$12$Gw0Il54AsHzZd.aFCz2yjegbz22BgnVbWr36KwpE2cwt4KaBtWH.K
ljosskowitzh@nba.com,$2b$12$I9gtKcQsBJVDdlaY25ADiO8XH7StEyFpPq6katWnuvcRA9OXb9CCy
joruddeni@toplist.cz,$2b$12$CQgCmsezyLCXhU4ejE7IouQqdDrsvWFRfS0XS14iSN4WyefbYely.
rbrimmellj@wufoo.com,$2b$12$ODnMfcGBEWjFoBKZrvBVte0ODFmvzvvf.4kJGnlXpGUM61eohL3rG
bfellgettk@istockphoto.com,$2b$12$YKWAo73NcyJUplYW5DMv0uDftybJf0lq8NsfBZKAMMTG/xCHsd2Me
npopplestonel@aol.com,$2b$12$ywVgBkrC6MjUf5DoBJAKPuRUgRDlDoCcpf20dlrCyFWsBjdbDLYwq
obraimem@webnode.com,$2b$12$F/qhmXmKSRKJqKQFIWZI6.P8IbLtHndRUmYj9f4I/zE5m.SSe5lze
klindenboimn@netlog.com,$2b$12$MUBnVD5XoATkq5SGDUUQy.ktKHqrzEHM4y7a//FUb6H3j3IRI6YUq
agobato@ucsd.edu,$2b$12$7GLefpi1SlKkhgQ63E29N.g/xIkxOrxvHg8HFfHrQbjEMaOa1/Tae
dshreevep@exblog.jp,$2b$12$scE6yB4DU4Qg6RfHnaaAYu1JpvJudi.KWoSpJJhMRwzGDg2ncUQru
lgallienneq@nature.com,$2b$12$uD1k5P8VRTNsyfO61WThO.QL9yaN8NEsIKwTLBNh0v2FcShgbtawK
hgilluleyr@nba.com,$2b$12$0NyUP.0OMOfWTUkn5M/mbetDApZfzRfB0H/AqbR6sZScsuw4tjadu
hohms@yale.edu,$2b$12$p.dps3jEgcVjTGW7cjCD9.pgDmg.JGMrJjLVeLMcuDkJ9GyoZUu92
aleschellet@amazon.co.jp,$2b$12$MD4Dz.c5ErzfCvuIJWgw0ufZEGutG8b8HMz2c2KqklY7clwpFvNIy
bberringtonu@washington.edu,$2b$12$/xQDpb3VwIvs1h41giSX3u13oLF9f2uswDV.5DyGM765wsCOPo5Jm
erokev@npr.org,$2b$12$ij8193piu8S6RocB9q7pYusSJLRaDat925YT7bDGbeOVBELJmLTUG
lbemrosew@hao123.com,$2b$12$1J8mVLe00.XqAWq60AERquLFuS6gRQI7b.TtPd51cX/DGZ5kg1oS.
ehairex@wired.com,$2b$12$4otzuEG.oU71F6SCsBXeU.Q1wOYW.maCxUXQENqYt848RTv54zAhe
nlucianiy@sakura.ne.jp,$2b$12$C7zB0QS5tfRbNM1CYsBxduyIdKj3L4xd6jLbCJEp1Xr2pqowcEQXm
gbatsonz@constantcontact.com,$2b$12$Rem5b5P3cmqRSt2MygLfyO3qTqFbKIZnEA6qryKh0nYm0dpBGfzRu
tdrewry10@jiathis.com,$2b$12$qomsAWKrdHrMP/fK8GkVxeu1i/wv/ihPZhQPD.p13Jz64XWemHlgq
blilbourne11@mayoclinic.com,$2b$12$QCrFU0.jjQVNUkqsAZ1eRuf0skh1piRbVTdBz067Ula/eZaZPnL/W
mbigham12@deviantart.com,$2b$12$qM4/0xV2DRaPJhNyBW9RjeQsP03NpL/WhDltB7aHIJJDeUA4VChHG
jackery13@arizona.edu,$2b$12$TiPBxJik3xEhHS.W.ae15eLkvEvbuHVghKb6OqDvt6CXmYj70EBxK
jwindrass14@mit.edu,$2b$12$vXi3Pkro0byewlkkQU6Aqu0hPEe5LdJT5qVI3ye8uTbT5lWq00uea
swarn15@phpbb.com,$2b$12$49heDgPCRZYtr1.oZejaeOKbyJDnXrIH04zXgfQXgE32swQ9YEICK
bdenacamp16@netlog.com,$2b$12$RXK64HNF2BQz25m5giLNp.xIO4n1M/70ah8jqW0aLWRJmQdJIKyAO
temlin17@amazonaws.com,$2b$12$TVnL5BNYQL6U4LBrwyyAX.8gGArx8Mt3XYnLWM5P.Vruql9DSfhS6
tissatt18@is.gd,$2b$12$VSHhWiN/HV39fKBHCvwRdePSe/nvNvD7q6lixVt2tT4DvtnmNtVMS
thalms19@typepad.com,$2b$12$P5i8HOVgqZwwNF8Jv9c.QOjIQqa9HIVxB9eBMwXDCWqyf54QyXuFa
ychupin1a@merriam-webster.com,$2b$12$mHl3P2JHWoXTjxrBzIDEzecVoIuBqgtmZtHhmv/fKdNJNYv2AzpEm
dcrottagh1b@ebay.co.uk,$2b$12$TNw1eYDGM1iRkKzJkGnUmOA.rdc8ELJeKrjhZ/aunCm.Usq6RQkBK
mpiola1c@ebay.com,$2b$12$4Ew2Rvcm6/NXaBGJSEpIb.uFnYCgpkj03Pcq2bXJe7spy5kT0B6u6
atessyman1d@noaa.gov,$2b$12$J038XM5faZQ8AlL0r3queONPQ1NCosJOnpZi/8se5VEjSbEKoJ77q
wcessford1e@wired.com,$2b$12$UmvpxwQGHWI4HQTvY5tY.uyOzUxv.JWakc.OGGXCKVSKF6r/y5T9m
swhistlecroft1f@addthis.com,$2b$12$0CfQITmEEcxj1eA77qd9FOOFmws0MJxInKP7ddmbrrpoEOTWoqTme
ecavaney1g@springer.com,$2b$12$Hfm2gJZedwkQ.0U/RDUeL.dTfnRAmqkdV01lwfTxPlksrq5W8T2HG
jsmidmoor1h@npr.org,$2b$12$D7jA/QOEQypJrz.TgoxymujjCpnMDflO6/HU17GRb6ecdz1JAn41e
rlowde1i@tinypic.com,$2b$12$EZRgna8jJa7PZW3jICxHLu.0YRB/wT.uZW7dcyhntQH4verZEp.BG
aglinde1j@indiatimes.com,$2b$12$Img72FnlP2sluCnwBgTHdeHeQhutbfznCJGeXdj9nze2/Mf6wooru
kvaneschi1k@cafepress.com,$2b$12$mgTo8ABsTygsJrT7e5ivq.t73hUPYvyGyJGoxnNAhgVBVFvMnUz9y
cchurch1l@privacy.gov.au,$2b$12$j/dsjn9lhOI697hxWxLz0OTgJtJn9So/o2I5fpCllh5uOyFott0Uy
mdakhno1m@europa.eu,$2b$12$quzg8Rs/IqghdGgm69NoueG3tMVzO/XNdsOHsdf45zJ343eqZ1iLS
kotter1n@nba.com,$2b$12$Sii0hvDEj6ZpCT4w/c6zo.BOsm/qdIydbp6xo0m3IAXnaDjejwl0S
rbasire1o@storify.com,$2b$12$mXf/YVoNn8EdSmb5WhIHFuIdIwnR626ip5E9lD8b81SjHBgipJC6W
kmcglaughn1p@lycos.com,$2b$12$8K8k0.Zz0ci1dLynjHwRreOQR/L4tJUrXSDLtZGpl9wlshOi0h.s.
aclyde1q@hhs.gov,$2b$12$GGMq0XDvauVMhU.ke8t3zebOMoFe.R96n4FC9KICYfIDXaYHqroTS
tfuente1r@clickbank.net,$2b$12$n5ksj2PrZmWpR8raKrpENuxHxL5DE/6dBXW.AiYkAjrujLM5W3z/G
efuke1s@simplemachines.org,$2b$12$doslKWPQ8vND.iErM0Ftl.14sLCTSEAgm04uLV9I1YcTHIsaMrUda
esherrum1t@biblegateway.com,$2b$12$k0gzqTh8N9dSWRqAZ4bez.AHqz9zh3qmOO98g2Xrf0Ml.k/0cautG
rtippin1u@state.tx.us,$2b$12$bJJyVG6dNt/Un8B7xoEzGujkr5tuV/IKAsEoXHsT9uiMlb.b.wiuq
agreaser1v@liveinternet.ru,$2b$12$kCiX/IbENu7fdsjxt/.Mk.t4rf3853hRbPGgGlr.l4J51Pe4wyhfK
oescalera1w@dedecms.com,$2b$12$igzRR6a9nZ8zNUp3eKMKrucUfuIqbxuuqckRqsNwADoIZg9nJvqPy
sgenever1x@geocities.jp,$2b$12$a2M28chOGnVQXTzgJcXJGu5xuHmycukawE0SXSzAYz07JW12dtUfS
jbarnewall1y@wunderground.com,$2b$12$3H6fBb1qknAblTQ1OuFST.RfmyYwWctSDyYztgwvdAgbaA58ebDnO
bneeves1z@shop-pro.jp,$2b$12$.1ZDyVNn3v3WeO5sR1dfeeo.54j08Q.7076Qhg.dn3qw.HpDwqUmK
lradin20@accuweather.com,$2b$12$q/iUiaiSic81QiZHggQ0a.bfGgLinwI/6B8vTpJvzprpL.LASvJdS
heasterfield21@last.fm,$2b$12$uL2/sV40el2Ad4AjWJuRvOCkQTBo6ji6lrkJWE6AdwbQFyGaPQbYK
skiehne22@whitehouse.gov,$2b$12$IJgYrTA/u9S/pKhaH/vxTexBkDuFpxuzAjSauehsYRGRA5QGJw5Mm
tlangton23@wikimedia.org,$2b$12$o3KDejGVNJb9BgMuLfyGgu5g2X5csA.LHo2C/nCe5D1akmIaS96p2
bmcpeake24@howstuffworks.com,$2b$12$6VO2gzKe6.iCn0A6JwcKgu0g/eI/S0cOzqRFu6X4eQCOHItEXBjMa
esnasdell25@wufoo.com,$2b$12$Z7HueDiSsVMHIlCJXerSv.xdxr6MS.tbckVZBYptratTP/dHqRVrq
rhartas26@nhs.uk,$2b$12$C6HAGjYQo.dQN94gPFcqSeZPcGBLiN7jiDuCXTQfRB7d0oZgfKjTC
lmarcone27@washington.edu,$2b$12$jyThpVrT/uqokGhkXivSout9d65lbZgStLJTq.Vlnurqd4SKW.pK6
amacrinn28@thetimes.co.uk,$2b$12$dODQ9dzY0Vr9JDOTSM385ettd2n9vt/3nQhSzoI9nRA7YDwZAI2fO
tbuttler29@wordpress.org,$2b$12$gbiMPJcmV8Ds8OScQ0xUOu8lG65Yz0E5bgyPhZFnuB/2vWDAi9wYm
lhodinton2a@hubpages.com,$2b$12$SRqbmR2mdcIWMr.Sqpj8GeRP5cxm45zZmIZujj4m.bZxWK7p0t6fW
cstrachan2b@ted.com,$2b$12$.IdheZVrA334u8fDdLPu9.dbnX5Z5NNijzuYU8SE1j7oi5kq2hafq
msimonian2c@businessweek.com,$2b$12$ZsrGWtDYTRvVv6aRnQm4p.B6VjCaLe0Bo0hxWDpJvmhywV3ZNNa42
adenness2d@google.co.jp,$2b$12$mMyGLSODlrSpOKy6EHWYn.dCHR10Txo9NxvX4m/Z5aWYmVVITgZxi
jquestier2e@ihg.com,$2b$12$wvvLjNY1cQGty567o2fT3eycZ16eAtqEGIaRjcoF/Yy3eu.dbk0NS
mcella2f@whitehouse.gov,$2b$12$FJ40MnqcLL935N2XBe8.r.St/LWAKmr2Dx3cuv8VLfszDUqgPpFRm
isalla2g@privacy.gov.au,$2b$12$a2wswaNua8XYQz4P8SQ5Yu57Ffqbrw7tCxjxultDAnlfzMsirgisy
gellicott2h@yale.edu,$2b$12$5jYmScTYA9WozdkunUTQyuHr24S3IyttR2Cfbpwt9Tbu9MYb/YG76
lburney2i@timesonline.co.uk,$2b$12$SGnNaARXyqTqmBB.bj/yJe6tqgkRuhN6CF3/hbE/NFtTJyfgTBBT6
smacloughlin2j@discovery.com,$2b$12$l4Av8fjmKhtToUgOxAOnJ.dU7sAUoNJdUkwV1X3lRkv9K6Eb28Jx6
djodkowski2k@accuweather.com,$2b$12$v1677zyPZHsQvv6K0ZE4auNSL2SJDHKjl/mIVvJXiHD2RiZKeV96.
zbullock2l@mapy.cz,$2b$12$eKag.0BDiM.crO1Q/F8GXeTCsgUPLW2bX3.yVn4v1y9OLaSJsANpC
tgayle2m@pen.io,$2b$12$7pWppYd6jhZ6AjdQTf4QHOwvdqiEZ.P44UD0TU6TxN5FexMyvEqVy
mgebuhr2n@apple.com,$2b$12$W/ZP5Hc808zU2EJXkTFy6OZg50fWoorbt8IM.yNWHFa4Ijx7JKt8a
hpesik2o@archive.org,$2b$12$02xSSa/sNC5fw9jmnKVynuLneBL9Vn9xenHyrTpX2Y6nWDDtxPS2.
dszymonwicz2p@symantec.com,$2b$12$pTRYnecm/0lOiT0OvBAtY.LyirUlwjvnh4QKRZuwdKzMPx/xldnwS
dacory2q@cornell.edu,$2b$12$fEnAEnjiO0WP3/jjnTRnre2EqiA79gn3U/.DZPARLQs.x.9rmAuI2
spleat2r@umich.edu,$2b$12$.NFI7NgRs00P0rsDhEPNMu664rsWYstvCJ3F0kAeSz5xPMqgGRGGC
neisold2s@census.gov,$2b$12$nXAEOlxD/HpPJQp2e1tb8efjqV8vclATuwRsoJdywK14DcTa.LIYK
anapier2t@clickbank.net,$2b$12$C9mD/HWbFpJBYXrL.FENQOijSXu.b.wEjXn/BozPGUBuRWd4F5P9e
gfilipponi2u@people.com.cn,$2b$12$90duKc/XvZhcFr84hHnX0u5PxcxSFGKkEFjQyyc.cNMWB3wo1EMvO
rscrigmour2v@fastcompany.com,$2b$12$8NeSTr1wdx80qHcCtajRfuhoiHUsN9HtB0KDTxazn3qnDdCfL9B32
cdendle2w@163.com,$2b$12$Nt2/vwHPrOhn1d.BStvpOeMuzBTjccHQAltH7zeHk9zK8cEnm9bmS
ccapper2x@multiply.com,$2b$12$5y9A994ls1dfZOzV4VZI1.deF5dDGni4KWuMMJKUQWyXvCq9si6jW
jdannel2y@bbb.org,$2b$12$T.d4K0NSq3dleyKlprEslugOo2QvzN9uHiZzaF9jX6WKvdq0dyPIy
econradie2z@loc.gov,$2b$12$1jjLs2PuGb4ONCRTRZs7m.0av2S1wZ7cooQ8RvCvEUvRm6rUZjzbC
cattwoul30@rediff.com,$2b$12$tRso/9neyf5pb9FjYt9VhOP37i3zcJCg9CCy42SLuJ.uK7ifuOGIK
sketcher31@gnu.org,$2b$12$laCc7HBypkTwdt.Mnw8IO.KOHPKcy2voEm2rAzgSVVB3xIm/oBVJ.
ggallimore32@merriam-webster.com,$2b$12$SGRopvQbOdYEPLVEW/7lBuSAy06AxIA7PJ7Xit5a9ln0HTHD7tvMC
erawnsley33@nytimes.com,$2b$12$YB4vh9Qd949vKzXi3Uhp1ev1XVulbwaEXEdV.gVkavnpcI/8psFuS
cmaletratt34@opensource.org,$2b$12$ldppEZpTWnPyfVgaRZ9e/.pH7w4pTGW1l4NgESsFKVRJlMzEFwwTq
kdevaan35@ca.gov,$2b$12$nn92WoqvEvydrgkldomcOe5ZvkUXElzeFnNzem6xV/0XeWuyhZZeK
cbilyard36@chron.com,$2b$12$4pBjhFR9n0.0JvI7GyXDgOpdQtZK0bLKWSDm2Vk7ijPkuPVONtWRi
vburnard37@flickr.com,$2b$12$KKdA9//yqufVq0DRXcteKuQEjOEg6zmyW/FKCbMO.8cTD3pRfQZU.
babreheart38@xing.com,$2b$12$LTksMZ/9y4PDxnI19WOwC.7G4ovqkpo.FVmlzo1ZUMyMMdH8aQ82K
rclench39@cargocollective.com,$2b$12$CHPvBK4z9PWg9IATjToxaeuWpoCFaot.WwXw5Udpr3791BA/htSW2
shartington3a@imdb.com,$2b$12$N9vjom.v48sPSe8hQVrWsOIr/FwxB9b.RIWZuk2lEfbo.eyZs9ERW
thaglington3b@biblegateway.com,$2b$12$K3WFsfo4HFvCdmF.lhXYUeVqx4NrBO8lrbkmKj6UuGM42Xm0xxU9O
kduckels3c@google.com.au,$2b$12$y83eMEbS7gGgTU2CvlC2qukF.ej2KNd6i5ygJUKqpwHlARk2cyK0u
dbulch3d@google.it,$2b$12$MkvJCYsvpIv/mK6DuX5x.uU2HeiTItcPKrWiZXtD3VZTWo8FOmj8a
fnibley3e@disqus.com,$2b$12$lCeIQfXSEOeaFTZrfusbgec6mR.fN.vS8DhNN01BdbTYrJC7z.tOK
gfrankes3f@slate.com,$2b$12$soyXJUVG9O3k/y0vMJovEuyULIV.MIBhuQ9.vgR6AvFljgaeV8eU.
phryncewicz3g@cam.ac.uk,$2b$12$FCKWs5sniDzoqxcJdWZTP.ZaMLJYXlhJ8kfbTkUkqWu2dxACmnum6
cparchment3h@opera.com,$2b$12$Gy.IKlJd/DupQFYVsV/WLeinwhTmNwgLsM9huMRSOT62oxy7J1rxq
clease3i@unblog.fr,$2b$12$WzBmoPfbUySQ0p6.4yJJQevhFzwyHky8DRWIGtyJ6BwZpwRNUgKYC
rsellman3j@cargocollective.com,$2b$12$2UO7YBBk15WEAqCw0JlMMuSdFj7TWR1Llvr9y3j3cgdy5h99819wa
mfarrall3k@purevolume.com,$2b$12$irGE2ApTvkK3ASSsZ48KB.jAgf2guSQcXfgAYlYMPdccQ3AYjufSi
mjude3l@berkeley.edu,$2b$12$7kAL8FX3KsveBCLOm8Vrgus6LX1NdXsM8YF3DlFSonvmQ3sb0eq4y
ctureville3m@vk.com,$2b$12$5X2MUU44Zhnw8QwkIEATBu5BwTHbnSkrr24V2TPJQEh/rN4.2DGm6
abrunner3n@ebay.co.uk,$2b$12$IdTZEyl6LvBZchu5zzr2j.hCvxc9ye9ydfshwIM0EJ5q6aA0mAgem
sshewring3o@wikia.com,$2b$12$/WSJx59Orxv.yA5TgYyqduHsqTnGddPD5.IfCUp3FTkAxDGluXU6G
sworsall3p@uiuc.edu,$2b$12$CF.M9nVqAtOfpgE/Yc9YVe7qqeAxmwhQh7D5f6yeM/Vj2UKakC66e
zhaggidon3q@miibeian.gov.cn,$2b$12$7wCFFnDZovQ7l4VMC6YePuYgKcnjuMcMIn6WcRNcfCs2CqLT9pzQK
lbrangan3r@intel.com,$2b$12$QrHUlhkp5KwNVPw/0ZUGOep.4jtOmx6Yqh61sBVYY9.Ksdv4NNRiW
lbenjefield3s@freewebs.com,$2b$12$1AwAUJisM9cY1pDqicSGdensF7Em78Sy88E22EFJ8B/WiTj0WAr.q
jwethered3t@paginegialle.it,$2b$12$f/qLpsLpcVXS5i48qX74C.LlD9HyvJZL6rxpR2NBLIO2N1Z51ad8u
hwoodworth3u@odnoklassniki.ru,$2b$12$TQJubkq9ptg70gSTKI5/IecD9z3NN5V5ZgGFvcvenNklzOcfEGlAS
rmacfaul3v@plala.or.jp,$2b$12$Itmm//lWIcr3ArpbF5cvjONuxVaVYRHNkvvgoyB8V1GU5VjesEC3C
dweekes3w@sohu.com,$2b$12$WtQjA8X9Ciwa3P4VnQnFdOdi0iYH5nmHOTlvxYYKdjVNXtWzccBHu
lbeckley3x@addthis.com,$2b$12$DeVRYqRY0F0icEcyT/yRqOhXIsAmUjvP227Te5e8TQQXryPRPwV1y
mcoldman3y@addthis.com,$2b$12$kNOwoncgDxeLVQdF.zHNeukjAlaz6K19m76Qy/N6Ep1PU8hFrOetm
thothersall3z@miitbeian.gov.cn,$2b$12$hfwoW27InhfcK4OUw5N6surcu.tGTNYRb7NS5L7cfdylGn4LIInZS
lfinnigan40@walmart.com,$2b$12$Wv8El1DeWoyqwIew88AzoOsMc/RKK/UEUZGlD458kOKzSFMOGZDYy
kbaignard41@gnu.org,$2b$12$5FN.2RMlLTndwfDS1.yokeXHoiw7dEPQ/3asKak.5ItoMvx5O2dzC
hvice42@shop-pro.jp,$2b$12$gRVEWXbRcW19uoUT/RE67.HkP6hM8qrFUMxT5snRHckqWzNxJ6B1C
jtallis43@purevolume.com,$2b$12$Yb5tRxSU1eAI7R0SRELIeujXq4SUwz4FKnw6sQln/L33KtHYy38tG
tsever44@google.de,$2b$12$iOwcAWxYmkre9J1Y.v7louwbc.N8xUzCcKMLulg2Q.vv3rxIgPk6e
fpendrey45@umich.edu,$2b$12$W3wdbtK5f9I3CBTjJVyzBOsuKns4nMu.Jf9gIy5o864Toxv9lBPJq
nlyddiard46@netvibes.com,$2b$12$RISzUNEyVasn.omVgcXrNOLlrW.TK6Mx5ZZ9.K6LSgmsOqu8OXiES
nclixby47@narod.ru,$2b$12$mS3osFtpDW2MagUOiAfujea3FaAzkGMoTzqQLGSCGf1vHlUVQN/ZC
kgailor48@tiny.cc,$2b$12$3WBagYgsocfSYy9O0sUOXuyHi1t3U/vx5gfGvvHWMDD7/JxeWbgf.
cheadon49@army.mil,$2b$12$vcpoZzwfLu/BmibyLpuP8OV2hXyOp.4hF5.1z8JWRB.v6/q0OZq2q
adare4a@cisco.com,$2b$12$U/.zZU9PMseZGLrQiX4jJukNlCNBFcKs/jJMW.x8Tugq6ed0.zos6
kbukac4b@wix.com,$2b$12$ksRr.XE4LJkkbmmyqEuaD.qehRD3PcbB4AYC4yY1aQtsqyZPmuIhy
fjonk4c@ovh.net,$2b$12$tTdHipy0RfINJ1h4xLbmD.7OB.FlRyovFpU.WUZZv7L0u.QfTnK3e
mwyrall4d@state.tx.us,$2b$12$Z1sAT8eFo2wvSJq0pWm7Ze4nwEQLfZvbDBLHD7V2mu3k7Ff.2Hpje
ycorgenvin4e@sciencedirect.com,$2b$12$Ch9yr7myuWqi1IFGV1wcfOBpSeNDkARoka4q.llTNIcbydyr9d5dW
asaintepaul4f@github.com,$2b$12$XJ1RHYhHrpCLjUJBFKIklO6.qnV/iDkEQloxHlC7mzt9ck.jjaHvy
bivanichev4g@artisteer.com,$2b$12$nkE.n59/BcsVEF12Q0c62.MBP5/Ybd7CrRjHO.OG5gmF0GGGeK5hy
hhorbath4h@psu.edu,$2b$12$7aDUui50ziPLbS0nGVED3OMXQiLaSzDVpCEQ7cbRdQBMTM8CBiisS
rwither4i@bravesites.com,$2b$12$NanwKS4OZiKpPm5ozBanEePStMOZaG9y7ruND2Y0ik6D6i8ZjBcgG
blithcow4j@tripadvisor.com,$2b$12$bn98ojAvXhdSBls9IhOcyO.xYVnasvVf8DE6d6I3Rt8kr3yjJQ2Qa
bnewhouse4k@un.org,$2b$12$rAvJ3oBf09NXYGzDKp.7KOhpZw8jZLjB1Rqktsn6UMXXWL1FaSlXC
kkeyse4l@hud.gov,$2b$12$Gb9npp7KJ5rVfVf4FHbO8uVxk/7VDOL9ixsZNOFSJ7HqT22A456Na
iwill4m@topsy.com,$2b$12$BghdHfu3cU.cb6i6cIHceOqNY9szjr1xwFz7iUES7QHieCFUIjufG
bmcgifford4n@oakley.com,$2b$12$11mPMFA8WMcXwWXSfPtSX.4X9zFhg0hS7cyq2CuWJm/crK3.pVJGm
djohannesson4o@quantcast.com,$2b$12$.x.FMwccwVC5PaWpXyhCd.TgB97uHodOcOiMcJkCFGo2lUyttD/qC
smcgiven4p@tripod.com,$2b$12$z6owBqOFbgI0pYmricnCsOFAQ.nW0/yvwHJN4yfqj1lCqGREA06ea
eraimbauld4q@gmpg.org,$2b$12$lEjpexBHMgpJjFAmqgdE4uusUcHPDV1lpO9iwcUKm0YNSVy8VMqby
qgillespey4r@ask.com,$2b$12$Hyj6UJx1jFsPuIuHSzCtJePDr54JS9HsCFdqx2zoelAUkr2f5cc7K
cgounin4s@dedecms.com,$2b$12$xnOMNufcbBmmzcIbWJueAOIm69aDd8JZEWTqGGEQXXzLuNCNtz1Ya
ebelt4t@arstechnica.com,$2b$12$8u6AJECM8LYNzkkMcgZXN.GAcDEQBbkMBlLfHYXDvKcyFvmFCcy12
rphettis4u@amazon.co.uk,$2b$12$RfTK5F.inUGp4PIUJhPSferNi7EffbJRRcMfAteDUNejFCM3UGtje
djollands4v@accuweather.com,$2b$12$bI6MTdgF/vsk9Kr/U0.n7u3iP/soG1ar1rlOjdsAxffihaC8zP4qy
wkiddell4w@omniture.com,$2b$12$P59sri4sdW3a/dD1xVEZsebreE4n2K9gOEDMhZnrW8Fxc66QkJqfS
gmateja4x@blogs.com,$2b$12$bKHT87ZY5NVyZT6pLk9/HuEcTADSMnQxM7GjF..egaFkTJ4hTansy
aruzek4y@feedburner.com,$2b$12$6HZN9.YAMLuoADfSXE2VpO1sG0QT7s1X2p0O.SaGJ84kcBD3MTWDi
frosenkranc4z@qq.com,$2b$12$8yolw7LUmiJs/2OBXgVeneZjaQkug7iINxRG65eX9uQGelist8aY2
rmacbane50@kickstarter.com,$2b$12$vIi2Golg9SeOWq2ijPs9F.zdYxac80.QQ1gwt7lk2puE3lvs9lt7G
glorence51@japanpost.jp,$2b$12$HzOghAlOt6wLWXruWXqjM.7CbC.WZbkH/xD.HWwM9T93MsSqfzt9m
kcalloway52@theguardian.com,$2b$12$H7FN3KwgY5cxKG4fwQV7webSml8n32WNVp.E2MI4is8oCOUzYHwkC
ppollie53@tinyurl.com,$2b$12$lFpn6r7BcA/4flALL66mEuUb28cBuuTf/xjj8g0SS2urUb2gxJ4Ja
cblankett54@furl.net,$2b$12$x3ghQvay43ewML.0j3gxj.TgPc5h09Cb2o4oZgObcCH6jnIgAtm..
sgaywood55@reverbnation.com,$2b$12$eIDPB4lnvqLw59TtJdI6vOjkjrhZxyMCXeeVFrwgjp0AYkl30DUCO
cstaddom56@deviantart.com,$2b$12$U8AQrLz.UsVZAk9RhBQcaeKB7bxKamiPQJMH4bQiBUA5ZZC/V0trK
sfedder57@themeforest.net,$2b$12$B/.QBKGZgDEy4YCi3OkLce3T7fPOJLAARlnLu3fiqE0v4sxOADm8.
eturn58@printfriendly.com,$2b$12$k3d84ANkzwCxrYupgdnTVuKQJuwDEyEvfDtxSVVh01dZ644Rq2nqC
bvasenkov59@mail.ru,$2b$12$K9uDwDY7ElW1hD6d/G7nwuuJD5bAOERBZVb8Ph.Tj4uG7wRjeipe.
cmather5a@trellian.com,$2b$12$m0JB4wtptGQ9FGgMs/tafeNWm8R/icXwvvx4ReT6KBQqjbJBe3qVm
fmeynell5b@parallels.com,$2b$12$zjUsi1TJTgUFU.UcIQnbMepdizcYaaKmcYxCAGeN6Fjkog22qXFva
lthorn5c@mozilla.org,$2b$12$DrAv4aLgXXbLw8CipdJ0JuQWu0pjnGSPcUjy.TPhWlD8OLL6sRMwe
gcaddies5d@cbsnews.com,$2b$12$OaE6o/pldECKFxMPj63dn.m2hfM1rNAKqvgXSkrXDPxpkqV9jnnue
jmillott5e@theguardian.com,$2b$12$Pwt5q2CIVdBvGQiDVhDDzuQVKE89SHwEJhlobrMQ7YMOH4YMG4pQK
eneylon5f@skype.com,$2b$12$CIT6slL3k.A4w77T/BgAoOStMjzUJuD8jk.ylVKKR.CBsx596oE2u
bstearndale5g@wunderground.com,$2b$12$iNw4F4wmrvz1opLLdgTaLORruXlNVFyXkPJ5YeByK1X.mEv7jftW6
athynn5h@mozilla.org,$2b$12$L.r4R40273W8LHvwTQuL8eysD5aHQ93Mlij8QwBAQJ/v.x6Jbptj2
ewilcocke5i@istockphoto.com,$2b$12$SPraF0tM8NhY4/vjfmY4u.igBNdwvziVayI4HW6INfyI9oQ9DbmVa
dpehrsson5j@cdc.gov,$2b$12$pboZIwNO4QrwECfNpTXc4.9rvKHjC9i4zn9lZC9tj5XneeeJxzJ62
